"OldName","Created","Date","Type","Title","NewName"
"0528.md","2025-05-28 11:28:57","2025-05-28 11:29:23",,"05/28","2025-05-28.md"
"0529.md","2025-05-29 10:01:56","2025-05-30 13:12:48",,"05/29","2025-05-29.md"
"0530.md","2025-05-30 13:12:48","2025-05-30 17:59:48",,"05/30","2025-05-30.md"
"0602 ~ 03.md","2025-06-04 09:06:43","2025-06-04 09:07:26",,"06/02 ~ 03","2025-06-02.md"
"0604.md","2025-06-04 09:07:13","2025-06-05 09:03:01",,"06/04","2025-06-04.md"
"0605.md","2025-06-05 09:03:04","2025-06-05 09:03:18",,"06/05","2025-06-05.md"
"0609.md","2025-06-09 08:50:30","2025-06-09 17:43:09",,"06/09","2025-06-09.md"
"0610.md","2025-06-10 13:54:13","2025-06-10 17:01:06",,"06/10","2025-06-10.md"
"0611.md","2025-06-11 13:10:29","2025-06-11 17:26:52",,"06/11","2025-06-11.md"
"0612.md","2025-06-12 10:27:23","2025-06-13 08:54:57",,"06/12","2025-06-12.md"
"0613.md","2025-06-16 13:18:15","2025-06-16 13:18:46",,"06/13","2025-06-13.md"
"0616.md","2025-06-16 13:18:46","2025-06-16 13:19:25",,"06/16","2025-06-16.md"
"0617.md","2025-06-17 12:55:17","2025-06-17 19:50:25",,"06/17","2025-06-17.md"
"0618.md","2025-06-18 16:13:27","2025-06-18 16:26:20",,"06/18","2025-06-18.md"
"0619.md","2025-06-19 11:06:25","2025-06-20 16:22:57",,"06/19","2025-06-19.md"
"0620.md","2025-06-20 08:58:23","2025-06-20 16:16:21",,"06/20","2025-06-20.md"
"0623.md","2025-06-23 09:09:21","2025-06-24 15:11:32",,"06/23","2025-06-23.md"
"0624.md","2025-06-24 15:11:32","2025-06-24 15:34:01",,"06/24","2025-06-24.md"
"0625.md","2025-06-25 09:19:27","2025-06-26 17:48:20",,"06/25","2025-06-25.md"
"0626.md","2025-06-27 09:10:37","2025-06-27 17:52:36",,"06/26","2025-06-26.md"
"0627.md","2025-06-27 17:52:20","2025-07-03 16:33:33",,"06/27","2025-06-27.md"
"0630.md","2025-07-01 08:40:32","2025-07-01 08:40:52",,"06/30","2025-06-30.md"
"0701.md","2025-07-01 08:40:53","2025-07-01 18:00:01",,"07/01","2025-07-01.md"
"0702.md","2025-07-02 16:03:33","2025-07-02 16:48:14",,"07/02","2025-07-02.md"
"0703.md","2025-07-03 09:12:46","2025-07-07 17:07:54",,"07/03","2025-07-03.md"
"0704.md","2025-07-04 09:12:42","2025-07-07 10:41:07",,"07/04","2025-07-04.md"
"0707.md","2025-07-07 08:51:17","2025-07-07 17:42:37",,"07/07","2025-07-07.md"
"0708.md","2025-07-08 13:02:48","2025-07-08 16:13:28",,"07/08","2025-07-08.md"
"0709.md","2025-07-09 09:53:15","2025-07-09 15:18:15",,"07/09","2025-07-09.md"
"0710.md","2025-07-10 09:01:25","2025-07-10 17:01:13",,"07/10","2025-07-10.md"
"0711.md","2025-07-11 14:37:01","2025-07-11 15:16:06",,"07/11","2025-07-11.md"
"0714.md","2025-07-14 10:49:46","2025-07-18 16:16:46",,"07/14","2025-07-14.md"
"0715.md","2025-07-14 18:02:18","2025-07-15 18:00:49",,"07/15","2025-07-15.md"
"0716.md","2025-07-15 18:00:12","2025-07-17 09:19:13",,"07/16","2025-07-16.md"
"0717.md","2025-07-17 11:25:00","2025-07-18 09:01:34",,"07/17","2025-07-17.md"
"0718.md","2025-07-18 09:01:34","2025-07-18 17:23:50",,"07/18","2025-07-18.md"
"0721.md","2025-07-21 09:20:53","2025-07-21 17:56:18",,"07/21","2025-07-21.md"
"0722.md","2025-07-22 10:36:32","2025-07-22 17:36:02",,"07/22","2025-07-22.md"
"0723.md","2025-07-23 09:03:01","2025-07-23 17:34:43",,"07/23","2025-07-23.md"
"0724.md","2025-07-24 09:00:57","2025-07-25 09:51:19",,"07/24","2025-07-24.md"
"0725.md","2025-07-25 10:43:27","2025-07-25 17:40:38",,"07/25","2025-07-25.md"
"0728.md","2025-07-28 09:01:44","2026-06-11 13:24:23",,"07/28","2025-07-28.md"
"0729.md","2025-07-28 17:35:54","2025-07-30 14:26:25",,"07/29","2025-07-29.md"
"0730.md","2025-07-30 09:00:58","2025-07-30 17:17:53",,"07/30","2025-07-30.md"
"0731.md","2025-07-31 08:53:29","2025-08-01 09:42:42",,"07/31","2025-07-31.md"
"0801.md","2025-08-01 09:01:16","2025-08-05 09:23:02",,"08/01","2025-08-01.md"
"0804.md","2025-08-04 08:53:49","2025-08-04 15:16:44",,"08/04","2025-08-04.md"
"0805.md","2025-08-05 09:04:09","2025-08-05 17:35:07",,"08/05","2025-08-05.md"
"0812.md","2025-08-12 10:33:15","2025-08-14 15:09:12",,"08/12","2025-08-12.md"
"0813.md","2025-08-13 09:01:12","2025-08-13 18:01:14",,"08/13","2025-08-13.md"
"0814.md","2025-08-13 17:49:42","2025-08-18 09:06:46",,"08/14","2025-08-14.md"
"0818.md","2025-08-18 09:05:25","2025-08-19 14:02:40",,"08/18","2025-08-18.md"
"0819.md","2025-08-19 10:56:24","2025-08-21 15:59:55",,"08/19","2025-08-19.md"
"0820.md","2025-08-20 10:23:34","2025-08-21 10:41:55",,"08/20","2025-08-20.md"
"0821.md","2025-08-21 09:02:50","2025-08-21 17:41:37",,"08/21","2025-08-21.md"
"0822.md","2025-08-22 09:46:05","2025-08-22 13:57:49",,"08/22","2025-08-22.md"
"0825.md","2025-08-25 09:00:54","2025-08-25 18:02:16",,"08/25","2025-08-25.md"
"0826.md","2025-08-26 09:46:29","2025-08-26 16:04:07",,"08/26","2025-08-26.md"
"0827.md","2025-08-27 09:12:49","2025-08-27 17:28:38",,"08/27","2025-08-27.md"
"0828.md","2025-08-28 09:01:30","2025-08-29 09:00:11",,"08/28","2025-08-28.md"
"0829.md","2025-08-28 18:01:12","2025-08-29 16:44:41",,"08/29","2025-08-29.md"
"0901.md","2025-09-01 09:53:35","2025-09-01 17:30:41",,"09/01","2025-09-01.md"
"0902.md","2025-09-01 17:36:47","2025-09-02 16:49:08",,"09/02","2025-09-02.md"
"0903.md","2025-09-03 17:22:15","2025-09-03 17:35:36",,"09/03","2025-09-03.md"
"0904.md","2025-09-04 09:29:48","2025-09-04 17:16:56",,"09/04","2025-09-04.md"
"0905.md","2025-09-05 09:25:21","2025-09-05 13:44:25",,"09/05","2025-09-05.md"
"0908.md","2025-09-08 08:52:39","2025-09-11 09:53:49",,"09/08","2025-09-08.md"
"0909.md","2025-09-09 09:05:22","2025-09-12 14:32:43",,"09/09","2025-09-09.md"
"0910.md","2025-09-11 08:48:09","2025-09-11 08:48:20",,"09/10","2025-09-10.md"
"0911.md","2025-09-11 08:48:21","2025-09-11 15:06:17",,"09/11","2025-09-11.md"
"0912.md","2025-09-12 09:27:22","2025-09-12 09:27:49",,"09/12","2025-09-12.md"
"0915.md","2025-09-15 09:06:45","2025-09-15 22:02:18",,"09/15","2025-09-15.md"
"0916.md","2025-09-16 09:16:20","2025-09-16 13:54:57",,"09/16","2025-09-16.md"
"0917.md","2025-09-17 13:31:39","2025-09-17 13:32:07",,"09/17","2025-09-17.md"
"0918 2.md","2023-09-18 11:39:20","2023-09-18 11:42:12",,"09/18","2023-09-18.md"
"0918.md","2025-09-18 09:38:50","2025-09-19 08:40:14",,"09/18","2025-09-18.md"
"0919 2.md","2023-09-19 11:24:53","2023-09-19 18:10:33",,"09/19","2023-09-19.md"
"0919.md","2025-09-19 08:40:14","2025-09-22 11:11:35",,"09/19","2025-09-19.md"
"0920.md","2023-09-19 18:10:32","2023-09-20 11:44:05",,"09/20","2023-09-20.md"
"0922.md","2025-09-22 08:58:48","2025-09-22 17:19:19",,"09/22","2025-09-22.md"
"0923.md","2025-09-23 09:19:25","2025-09-24 10:41:58",,"09/23","2025-09-23.md"
"0924.md","2025-09-24 09:01:59","2025-09-24 17:31:20",,"09/24","2025-09-24.md"
"0925.md","2025-09-25 09:00:49","2025-09-25 17:59:56",,"09/25","2025-09-25.md"
"0926.md","2025-09-26 09:00:23","2025-09-26 18:00:26",,"09/26","2025-09-26.md"
"0929.md","2025-09-29 08:35:56","2025-09-29 09:04:57",,"09/29","2025-09-29.md"
"0930.md","2025-09-30 09:55:05","2025-09-30 16:39:06",,"09/30","2025-09-30.md"
"1001.md","2025-10-01 09:47:34","2025-10-01 13:16:09",,"10/01","2025-10-01.md"
"1002.md","2025-10-01 17:45:00","2025-10-02 14:02:30",,"10/02","2025-10-02.md"
"1003 ~ 1012.md","2025-10-13 10:35:40","2025-10-13 10:37:54",,"10/03 ~ 10/12","2025-10-03.md"
"1010 2.md","2023-10-10 10:18:14","2023-10-16 13:59:11",,"10/10","2023-10-10.md"
"1010.md","2024-10-10 16:22:20","2024-10-11 15:34:24",,"10/10","2024-10-10.md"
"1011.md","2024-10-11 15:34:06","2024-10-11 16:04:08",,"10/11","2024-10-11.md"
"1013 2.md","2023-10-13 08:44:08","2023-10-13 08:44:22",,"10/13","2023-10-13.md"
"1013.md","2025-10-13 10:36:51","2025-10-13 17:40:34",,"10/13","2025-10-13.md"
"1014 2.md","2024-10-11 16:04:08","2024-10-15 15:27:53",,"10/14","2024-10-14.md"
"1014.md","2025-10-14 09:05:19","2025-10-15 10:54:18",,"10/14","2025-10-14.md"
"1015 2.md","2024-10-15 15:26:00","2024-10-15 15:27:22",,"10/15","2024-10-15.md"
"1015.md","2025-10-15 10:52:12","2025-10-17 10:12:27",,"10/15","2025-10-15.md"
"1016 2.md","2023-10-16 11:10:33","2023-10-16 14:00:18",,"10/16","2023-10-16.md"
"1016.md","2024-10-16 10:52:21","2024-10-16 10:52:50",,"10/16","2024-10-16.md"
"1017 2.md","2023-10-17 18:11:32","2023-10-17 18:17:53",,"10/17","2023-10-17.md"
"1017.md","2024-10-17 09:02:14","2024-10-17 16:33:08",,"10/17","2024-10-17.md"
"1018 2.md","2023-10-17 18:15:47","2023-10-18 11:41:44",,"10/18","2023-10-18.md"
"1018.md","2024-10-18 16:30:22","2024-10-18 16:32:52",,"10/18","2024-10-18.md"
"102.md","2024-10-02 17:14:48","2024-10-05 14:00:45",,"10/2","2024-10-02.md"
"1021.md","2024-10-24 17:34:23","2024-10-24 17:36:08",,"10/21","2024-10-21.md"
"1022.md","2024-10-24 17:34:31","2024-10-24 17:36:44",,"10/22","2024-10-22.md"
"1023.md","2024-10-24 17:34:35","2024-10-24 17:39:01",,"10/23","2024-10-23.md"
"1024 2.md","2023-10-24 10:28:21","2023-10-25 11:59:00",,"10/24","2023-10-24.md"
"1024.md","2024-10-24 17:34:39","2024-10-26 01:53:26",,"10/24","2024-10-24.md"
"1025 2.md","2023-10-25 11:01:28","2023-10-25 19:11:34",,"10/25","2023-10-25.md"
"1025.md","2024-10-26 01:49:29","2024-10-26 01:52:12",,"10/25","2024-10-25.md"
"1028.md","2024-10-31 12:51:03","2024-10-31 12:52:43",,"10/28","2024-10-28.md"
"1029.md","2024-10-31 12:51:18","2024-10-31 12:53:28",,"10/29","2024-10-29.md"
"1030.md","2024-10-31 12:51:30","2024-10-31 12:54:17",,"10/30","2024-10-30.md"
"1031.md","2024-10-31 12:51:38","2024-10-31 12:54:24",,"10/31","2024-10-31.md"
"104 2.md","2024-10-07 15:04:57","2024-10-07 15:06:28",,"10/4","2024-10-04.md"
"104 3.md","2023-10-04 15:49:00","2023-10-04 15:53:31",,"10/4","2023-10-04.md"
"104.md","2024-10-05 13:59:12","2024-10-05 14:00:50",,"10/4","2024-10-04.md"
"107.md","2024-10-08 16:23:18","2024-10-08 18:01:54",,"10/7","2024-10-07.md"
"108.md","2024-10-08 16:23:39","2024-10-08 17:09:41",,"10/8","2024-10-08.md"
"111 2.md","2024-01-12 16:20:36","2024-01-12 16:22:54",,"1/11","2024-01-11.md"
"111 3.md","2023-11-03 17:00:42","2023-11-03 17:02:42",,"11/1","2023-11-01.md"
"111.md","2024-10-31 12:51:45","2024-10-31 12:51:59",,"11/1","2024-11-01.md"
"1111.md","2024-11-08 17:05:54","2024-11-12 09:09:07",,"11/11","2024-11-11.md"
"1112.md","2024-11-08 17:37:42","2024-11-14 12:48:32",,"11/12","2024-11-12.md"
"1113 2.md","2023-11-13 13:38:38","2023-11-13 13:39:58",,"11/13","2023-11-13.md"
"1113.md","2024-11-14 12:44:15","2024-11-14 12:48:26",,"11/13","2024-11-13.md"
"1114.md","2024-11-14 12:46:56","2024-11-14 12:48:40",,"11/14","2024-11-14.md"
"1115.md","2024-11-15 10:11:39","2024-11-15 10:12:11",,"11/15","2024-11-15.md"
"1116.md","2023-11-17 09:56:26","2023-11-17 17:00:34",,"11/16","2023-11-16.md"
"1117.md","2023-11-17 09:56:26","2023-11-17 17:01:43",,"11/17","2023-11-17.md"
"1118.md","2024-11-19 17:53:51","2024-11-19 17:54:53",,"11/18","2024-11-18.md"
"1119.md","2024-11-19 17:54:53","2024-11-19 17:58:16",,"11/19","2024-11-19.md"
"112 2.md","2023-11-03 17:01:25","2023-11-03 17:02:50",,"11/2","2023-11-02.md"
"112.md","2024-01-12 16:20:55","2024-01-25 11:57:12",,"1/12","2024-01-12.md"
"1120.md","2024-11-20 16:27:08","2024-11-20 16:27:48",,"11/20","2024-11-20.md"
"1121.md","2024-11-21 10:31:30","2024-11-22 09:52:40",,"11/21","2024-11-21.md"
"1122 2.md","2023-11-22 14:37:18","2023-11-22 14:38:32",,"11/22","2023-11-22.md"
"1122.md","2024-11-22 09:52:41","2024-11-25 16:52:32",,"11/22","2024-11-22.md"
"1125.md","2024-11-25 16:53:38","2024-11-25 16:54:15",,"11/25","2024-11-25.md"
"1126.md","2024-11-26 16:03:05","2024-11-26 16:03:47",,"11/26","2024-11-26.md"
"1127.md","2024-11-27 14:29:34","2024-11-27 17:32:24",,"11/27","2024-11-27.md"
"1128 2.md","2023-11-30 14:53:24","2023-11-30 14:54:15",,"11/28","2023-11-28.md"
"1128.md","2024-11-27 17:32:06","2024-11-28 13:21:44",,"11/28","2024-11-28.md"
"1129 2.md","2023-11-30 14:54:14","2023-11-30 14:54:58",,"11/29","2023-11-29.md"
"1129.md","2024-11-29 11:23:38","2024-12-03 10:22:19",,"11/29","2024-11-29.md"
"1130.md","2023-11-30 14:55:00","2023-11-30 14:56:05",,"11/30","2023-11-30.md"
"114.md","2024-11-06 09:06:29","2024-11-06 09:07:52",,"11/4","2024-11-04.md"
"115 2.md","2024-11-06 09:07:00","2024-11-08 15:51:45",,"11/5","2024-11-05.md"
"115.md","2025-01-15 09:10:02","2025-01-17 17:16:11",,"1/15","2025-01-15.md"
"116 2.md","2024-11-06 09:07:53","2024-11-08 15:49:36",,"11/6","2024-11-06.md"
"116 3.md","2024-01-16 11:32:22","2024-01-18 10:32:56",,"1/16","2024-01-16.md"
"116.md","2025-01-16 09:08:14","2025-01-17 17:19:11",,"1/16","2025-01-16.md"
"117 2.md","2024-11-08 15:47:57","2024-11-08 15:50:52",,"11/7","2024-11-07.md"
"117 3.md","2024-01-18 10:32:57","2024-01-18 10:33:26",,"1/17","2024-01-17.md"
"117.md","2025-01-17 17:12:52","2025-01-17 17:13:21",,"1/17","2025-01-17.md"
"118 2.md","2024-01-18 11:21:31","2024-01-18 11:21:59",,"1/18","2024-01-18.md"
"118.md","2024-11-08 15:48:28","2024-11-08 17:36:11",,"11/8","2024-11-08.md"
"12 2.md","2024-01-02 14:28:34","2024-01-05 16:23:17",,"1/2","2024-01-02.md"
"12.md","2025-01-03 11:10:39","2025-01-03 11:11:45",,"1/2","2025-01-02.md"
"120.md","2025-01-21 18:07:06","2025-01-22 09:05:20",,"1/20","2025-01-20.md"
"121 2.md","2023-12-01 17:01:34","2023-12-01 17:02:46",,"12/1","2023-12-01.md"
"121.md","2025-01-22 09:04:19","2025-01-22 10:57:27",,"1/21","2025-01-21.md"
"1210.md","2024-12-10 14:26:57","2024-12-13 16:34:08",,"12/10","2024-12-10.md"
"1211.md","2024-12-12 08:58:22","2024-12-12 09:29:43",,"12/11","2024-12-11.md"
"1212 2.md","2023-12-12 10:01:23","2023-12-14 10:15:00",,"12/12","2023-12-12.md"
"1212.md","2024-12-12 08:59:09","2024-12-13 10:59:48",,"12/12","2024-12-12.md"
"1213 2.md","2023-12-13 08:40:13","2023-12-14 10:15:29",,"12/13","2023-12-13.md"
"1213.md","2024-12-13 10:59:51","2024-12-13 16:32:45",,"12/13","2024-12-13.md"
"1214.md","2023-12-14 10:14:41","2023-12-14 10:21:04",,"12/14","2023-12-14.md"
"1216 ~ 17.md","2024-12-18 09:12:20","2024-12-18 09:12:40",,"12/16 ~ 17","2024-12-16.md"
"1216.md","2023-12-15 13:28:24","2023-12-18 12:54:58",,"12/16","2023-12-16.md"
"1218 2.md","2023-12-18 10:59:38","2023-12-18 12:55:02",,"12/18","2023-12-18.md"
"1218.md","2024-12-18 09:12:40","2024-12-18 17:57:20",,"12/18","2024-12-18.md"
"1219 2.md","2023-12-19 12:45:13","2023-12-20 14:40:22",,"12/19","2023-12-19.md"
"1219.md","2024-12-18 17:57:20","2024-12-23 17:02:11",,"12/19","2024-12-19.md"
"122 2.md","2024-12-03 17:53:15","2024-12-03 17:54:06",,"12/2","2024-12-02.md"
"122 3.md","2024-01-22 17:03:47","2024-01-22 17:35:50",,"1/22","2024-01-22.md"
"122.md","2025-01-22 10:54:43","2025-01-22 11:11:35",,"1/22","2025-01-22.md"
"1220 2.md","2023-12-20 10:54:10","2023-12-20 14:41:25",,"12/20","2023-12-20.md"
"1220.md","2024-12-20 15:05:04","2024-12-23 17:02:09",,"12/20","2024-12-20.md"
"1221.md","2023-12-21 18:16:27","2023-12-21 18:17:27",,"12/21","2023-12-21.md"
"1222.md","2023-12-22 08:49:36","2023-12-22 17:20:38",,"12/22","2023-12-22.md"
"1223.md","2024-12-23 09:03:27","2024-12-23 17:01:57",,"12/23","2024-12-23.md"
"1224.md","2024-12-23 15:01:50","2024-12-24 09:11:07",,"12/24","2024-12-24.md"
"1226 2.md","2023-12-22 17:30:46","2023-12-26 09:56:52",,"12/26","2023-12-26.md"
"1226.md","2024-12-26 08:38:53","2024-12-27 23:55:54",,"12/26","2024-12-26.md"
"1227.md","2024-12-30 09:04:28","2024-12-30 09:05:11",,"12/27","2024-12-27.md"
"1228.md","2023-12-28 16:36:08","2023-12-28 16:37:27",,"12/28","2023-12-28.md"
"123 2.md","2024-12-03 17:53:47","2024-12-03 17:54:01",,"12/3","2024-12-03.md"
"123 3.md","2024-01-24 13:07:37","2024-01-24 13:09:21",,"1/23","2024-01-23.md"
"123.md","2025-01-23 09:07:54","2025-01-24 11:17:10",,"1/23","2025-01-23.md"
"1230.md","2024-12-30 17:15:39","2024-12-30 17:15:59",,"12/30","2024-12-30.md"
"1231.md","2024-12-30 17:15:59","2024-12-30 17:16:49",,"12/31","2024-12-31.md"
"124 2.md","2024-12-04 13:24:57","2024-12-04 16:15:06",,"12/4","2024-12-04.md"
"124 3.md","2024-01-24 13:09:18","2024-01-26 17:22:44",,"1/24","2024-01-24.md"
"124 4.md","2023-12-04 16:02:15","2023-12-05 10:52:03",,"12/4","2023-12-04.md"
"124.md","2025-01-24 11:16:27","2025-01-24 11:17:26",,"1/24","2025-01-24.md"
"125 2.md","2024-01-25 16:56:06","2024-01-25 16:57:09",,"1/25","2024-01-25.md"
"125.md","2024-12-05 16:35:56","2024-12-05 16:36:33",,"12/5","2024-12-05.md"
"126 2.md","2024-01-26 17:12:47","2024-01-26 17:18:24",,"1/26","2024-01-26.md"
"126 3.md","2023-12-06 16:23:57","2023-12-08 16:45:14",,"12/6","2023-12-06.md"
"126.md","2024-12-06 14:41:52","2024-12-06 14:42:11",,"12/6","2024-12-06.md"
"128.md","2023-12-08 08:54:21","2023-12-08 16:46:03",,"12/8","2023-12-08.md"
"129 2.md","2024-01-29 14:50:23","2024-01-29 14:50:53",,"1/29","2024-01-29.md"
"129.md","2024-12-09 13:51:13","2024-12-09 13:51:28",,"12/9","2024-12-09.md"
"13.md","2025-01-03 11:11:07","2025-01-03 17:45:24",,"1/3","2025-01-03.md"
"130.md","2024-01-31 11:21:38","2024-02-01 08:51:30",,"1/30","2024-01-30.md"
"131 2.md","2024-01-31 11:22:07","2024-02-01 08:51:55",,"1/31","2024-01-31.md"
"131.md","2025-01-31 11:00:24","2025-01-31 16:44:19",,"1/31","2025-01-31.md"
"14.md","2024-01-05 13:35:21","2024-01-05 16:49:46",,"1/4","2024-01-04.md"
"16.md","2025-01-06 08:32:15","2025-01-07 18:00:39",,"1/6","2025-01-06.md"
"17.md","2025-01-07 17:59:43","2025-01-07 17:59:47",,"1/7","2025-01-07.md"
"18 ~ 14.md","2025-01-15 09:09:48","2025-01-15 09:10:02",,"1/8 ~ 14","2025-01-08.md"
"20251016.md","2025-10-16 09:02:09","2025-10-16 14:35:21",,"2025/10/16","2025-10-16.md"
"20251017.md","2025-10-17 08:47:34","2025-10-28 15:25:51",,"2025/10/17","2025-10-17.md"
"20251020.md","2025-10-17 10:19:12","2025-10-20 17:48:48",,"2025/10/20","2025-10-20.md"
"20251021.md","2025-10-21 10:48:00","2025-10-21 17:05:48",,"2025/10/21","2025-10-21.md"
"20251022.md","2025-10-22 08:49:42","2025-10-22 17:55:35",,"2025/10/22","2025-10-22.md"
"20251023.md","2025-10-22 17:39:15","2025-10-23 13:50:00",,"2025/10/23","2025-10-23.md"
"20251024.md","2025-10-24 09:12:17","2025-10-24 17:15:33",,"2025/10/24","2025-10-24.md"
"20251027.md","2025-10-27 09:04:13","2025-10-27 09:04:53",,"2025/10/27","2025-10-27.md"
"20251028.md","2025-10-28 09:55:47","2025-10-29 09:02:55",,"2025/10/28","2025-10-28.md"
"20251029.md","2025-10-29 09:02:40","2025-10-30 15:31:23",,"2025/10/29","2025-10-29.md"
"20251030.md","2025-10-30 09:07:22","2025-11-04 10:03:54",,"2025/10/30","2025-10-30.md"
"20251031.md","2025-10-30 17:34:59","2025-11-04 09:10:53",,"2025/10/31","2025-10-31.md"
"20251103.md","2025-10-31 17:06:16","2025-10-31 17:06:33",,"2025/11/03","2025-11-03.md"
"20251104.md","2025-10-31 17:46:29","2025-11-05 09:04:48",,"2025/11/04","2025-11-04.md"
"20251105.md","2025-11-05 09:03:07","2025-11-05 17:24:00",,"2025/11/05","2025-11-05.md"
"20251106.md","2025-11-06 09:08:37","2025-11-06 17:21:34",,"2025/11/06","2025-11-06.md"
"20251107.md","2025-11-07 09:28:56","2025-11-07 13:36:50",,"2025/11/07","2025-11-07.md"
"20251110.md","2025-11-10 13:14:33","2025-11-11 17:54:12",,"2025/11/10","2025-11-10.md"
"20251111.md","2025-11-11 10:35:37","2025-11-11 15:39:39",,"2025/11/11","2025-11-11.md"
"20251112.md","2025-11-12 14:10:22","2025-11-14 14:00:20",,"2025/11/12","2025-11-12.md"
"20251113.md","2025-11-13 13:55:45","2025-11-14 14:00:51",,"2025/11/13","2025-11-13.md"
"20251114.md","2025-11-14 09:02:11","2025-11-14 17:43:19",,"2025/11/14","2025-11-14.md"
"20251117.md","2025-11-17 08:59:28","2025-11-17 17:35:23",,"2025/11/17","2025-11-17.md"
"20251118.md","2025-11-18 09:00:58","2025-11-18 15:03:38",,"2025/11/18","2025-11-18.md"
"20251119.md","2025-11-19 09:40:16","2025-11-19 15:40:28",,"2025/11/19","2025-11-19.md"
"20251120.md","2025-11-20 08:38:03","2025-11-20 17:55:56",,"2025/11/20","2025-11-20.md"
"20251121.md","2025-11-21 09:05:40","2025-11-21 17:30:08",,"2025/11/21","2025-11-21.md"
"20251124.md","2025-11-24 09:02:47","2025-11-25 16:00:09",,"2025/11/24","2025-11-24.md"
"20251125.md","2025-11-25 09:02:12","2025-11-26 16:06:32",,"2025/11/25","2025-11-25.md"
"20251126.md","2025-11-26 09:17:55","2025-11-27 10:54:17",,"2025/11/26","2025-11-26.md"
"20251127.md","2025-11-27 09:07:51","2025-11-27 17:31:29",,"2025/11/27","2025-11-27.md"
"20251128.md","2025-11-28 09:59:06","2025-11-28 16:03:31",,"2025/11/28","2025-11-28.md"
"20251201.md","2025-12-01 09:02:45","2025-12-02 09:47:49",,"2025/12/01","2025-12-01.md"
"20251202.md","2025-12-02 08:46:00","2025-12-03 09:02:33",,"2025/12/02","2025-12-02.md"
"20251203.md","2025-12-03 09:01:19","2025-12-03 17:42:12",,"2025/12/03","2025-12-03.md"
"20251204.md","2025-12-04 09:23:05","2025-12-04 10:32:37",,"2025/12/04","2025-12-04.md"
"20251205.md","2025-12-05 09:14:13","2025-12-08 08:38:07",,"2025/12/05","2025-12-05.md"
"20251208.md","2025-12-08 08:37:49","2025-12-09 17:29:18",,"2025/12/08","2025-12-08.md"
"20251209.md","2025-12-09 08:55:22","2025-12-09 17:32:10",,"2025/12/09","2025-12-09.md"
"20251210.md","2025-12-10 09:24:34","2025-12-12 11:18:55",,"2025/12/10","2025-12-10.md"
"20251211.md","2025-12-11 08:44:17","2025-12-11 17:10:52",,"2025/12/11","2025-12-11.md"
"20251212.md","2025-12-12 10:41:46","2025-12-12 17:34:31",,"2025/12/12","2025-12-12.md"
"20251215.md","2025-12-15 08:33:17","2025-12-16 10:41:43",,"2025/12/15","2025-12-15.md"
"20251216.md","2025-12-16 09:05:10","2025-12-16 10:56:06",,"2025/12/16","2025-12-16.md"
"20251217.md","2025-12-17 08:59:10","2025-12-18 08:59:46",,"2025/12/17","2025-12-17.md"
"20251218.md","2025-12-18 08:59:20","2025-12-18 15:40:26",,"2025/12/18","2025-12-18.md"
"20251219.md","2025-12-19 08:58:11","2025-12-19 16:45:57",,"2025/12/19","2025-12-19.md"
"20251222.md","2025-12-22 08:57:08","2025-12-22 17:22:15",,"2025/12/22","2025-12-22.md"
"20251223.md","2025-12-23 09:00:16","2025-12-24 09:09:33",,"2025/12/23","2025-12-23.md"
"20251224.md","2025-12-24 09:09:17","2025-12-24 17:07:41",,"2025/12/24","2025-12-24.md"
"20251226 ~ 20260102.md","2025-12-30 02:21:47","2025-12-30 02:22:48",,"2025/12/26 ~ 2026/01/02","2025-12-26.md"
"2026-06-11.md",,,"일지","2026-06-11","2026-06-11.md"
"20260105.md","2026-01-05 09:52:31","2026-01-05 17:20:34",,"2026/01/05","2026-01-05.md"
"20260106.md","2026-01-06 08:41:45","2026-01-07 09:05:26",,"2026/01/06","2026-01-06.md"
"20260107.md","2026-01-07 09:05:05","2026-01-07 18:00:36",,"2026/01/07","2026-01-07.md"
"20260108.md","2026-01-08 09:19:00","2026-01-09 13:30:09",,"2026/01/08","2026-01-08.md"
"20260109.md","2026-01-09 08:57:51","2026-01-09 17:59:49",,"2026/01/09","2026-01-09.md"
"20260112.md","2026-01-12 09:02:06","2026-01-12 17:56:42",,"2026/01/12","2026-01-12.md"
"20260113.md","2026-01-13 09:02:38","2026-01-13 17:26:51",,"2026/01/13","2026-01-13.md"
"20260114.md","2026-01-15 09:02:01","2026-01-15 09:02:13",,"2026/01/14","2026-01-14.md"
"20260115.md","2026-01-15 09:02:13","2026-01-15 16:22:06",,"2026/01/15","2026-01-15.md"
"20260116.md","2026-01-16 09:01:02","2026-01-16 16:23:31",,"2026/01/16","2026-01-16.md"
"20260119.md","2026-01-19 08:48:56","2026-01-20 13:06:16",,"2026/01/19","2026-01-19.md"
"20260120.md","2026-01-20 08:35:43","2026-01-20 17:15:07",,"2026/01/20","2026-01-20.md"
"20260121.md","2026-01-21 08:35:18","2026-01-23 15:17:13",,"2026/01/21","2026-01-21.md"
"20260122.md","2026-01-22 08:45:43","2026-01-22 11:15:35",,"2026/01/22","2026-01-22.md"
"20260123.md","2026-01-23 08:41:12","2026-01-23 15:42:27",,"2026/01/23","2026-01-23.md"
"20260126.md","2026-01-26 09:07:03","2026-01-27 13:21:30",,"2026/01/26","2026-01-26.md"
"20260127.md","2026-01-27 10:15:44","2026-01-27 17:24:38",,"2026/01/27","2026-01-27.md"
"20260128.md","2026-01-28 08:57:11","2026-01-30 09:22:06",,"2026/01/28","2026-01-28.md"
"20260129.md","2026-01-29 09:08:00","2026-01-29 14:31:43",,"2026/01/29","2026-01-29.md"
"20260130.md","2026-01-30 09:00:09","2026-01-30 17:20:18",,"2026/01/30","2026-01-30.md"
"20260202.md","2026-02-02 00:32:48","2026-02-03 08:58:10",,"2026/02/02","2026-02-02.md"
"20260203.md","2026-02-03 08:57:46","2026-02-03 16:16:27",,"2026/02/03","2026-02-03.md"
"20260204.md","2026-02-03 17:59:36","2026-02-05 08:44:21",,"2026/02/04","2026-02-04.md"
"20260205.md","2026-02-05 08:40:13","2026-02-09 15:58:27",,"2026/02/05","2026-02-05.md"
"20260206.md","2026-02-06 09:23:30","2026-02-06 10:32:29",,"2026/02/06","2026-02-06.md"
"20260209.md","2026-02-09 09:22:29","2026-02-09 17:57:39",,"2026/02/09","2026-02-09.md"
"20260210.md","2026-02-10 13:05:58","2026-02-10 14:55:45",,"2026/02/10","2026-02-10.md"
"20260211.md","2026-02-11 09:02:33","2026-02-11 16:34:23",,"2026/02/11","2026-02-11.md"
"20260212.md","2026-02-13 09:09:14","2026-02-13 09:09:28",,"2026/02/12","2026-02-12.md"
"20260213.md","2026-02-13 09:09:28","2026-02-19 08:57:09",,"2026/02/13","2026-02-13.md"
"20260219.md","2026-02-19 08:57:31","2026-02-19 17:51:33",,"2026/02/19","2026-02-19.md"
"20260220.md","2026-02-20 08:38:01","2026-02-20 16:29:52",,"2026/02/20","2026-02-20.md"
"20260223.md","2026-02-23 08:38:17","2026-02-23 13:04:13",,"2026/02/23","2026-02-23.md"
"20260224.md","2026-02-24 08:33:32","2026-02-24 16:09:42",,"2026/02/24","2026-02-24.md"
"20260225.md","2026-02-25 08:58:01","2026-02-25 17:52:45",,"2026/02/25","2026-02-25.md"
"20260226.md","2026-02-26 08:56:48","2026-02-26 15:05:15",,"2026/02/26","2026-02-26.md"
"20260227.md","2026-02-27 09:19:30","2026-02-27 09:19:41",,"2026/02/27","2026-02-27.md"
"20260303.md","2026-03-03 10:49:10","2026-03-04 09:52:19",,"2026/03/03","2026-03-03.md"
"20260304.md","2026-03-04 09:52:01","2026-03-05 09:19:25",,"2026/03/04","2026-03-04.md"
"20260305.md","2026-03-05 09:18:22","2026-03-06 09:58:33",,"2026/03/05","2026-03-05.md"
"20260306.md","2026-03-06 09:58:34","2026-03-06 15:32:30",,"2026/03/06","2026-03-06.md"
"20260309.md","2026-03-09 09:00:09","2026-03-10 14:31:22",,"2026/03/09","2026-03-09.md"
"20260310.md","2026-03-10 09:00:24","2026-03-10 14:28:23",,"2026/03/10","2026-03-10.md"
"20260311.md","2026-03-11 09:00:17","2026-03-12 09:04:36",,"2026/03/11","2026-03-11.md"
"20260312.md","2026-03-12 09:04:42","2026-03-13 10:25:57",,"2026/03/12","2026-03-12.md"
"20260313.md","2026-03-12 17:38:55","2026-03-16 09:12:45",,"2026/03/13","2026-03-13.md"
"20260316.md","2026-03-16 09:12:13","2026-03-16 16:59:19",,"2026/03/16","2026-03-16.md"
"20260317.md","2026-03-17 09:42:50","2026-03-17 14:46:51",,"2026/03/17","2026-03-17.md"
"20260318.md","2026-03-18 10:09:27","2026-03-18 16:31:00",,"2026/03/18","2026-03-18.md"
"20260319.md","2026-03-19 11:26:16","2026-03-19 21:15:57",,"2026/03/19","2026-03-19.md"
"20260320.md","2026-03-19 22:16:05","2026-03-20 16:58:29",,"2026/03/20","2026-03-20.md"
"20260323.md","2026-03-23 09:17:45","2026-03-23 17:14:33",,"2026/03/23","2026-03-23.md"
"20260324.md","2026-03-24 09:19:46","2026-03-24 14:07:28",,"2026/03/24","2026-03-24.md"
"20260325.md","2026-03-25 09:06:50","2026-03-25 21:24:52",,"2026/03/25","2026-03-25.md"
"20260326.md","2026-03-26 17:54:36","2026-03-27 09:48:05",,"2026/03/26","2026-03-26.md"
"20260327.md","2026-03-26 17:54:42","2026-03-29 03:36:42",,"2026/03/27","2026-03-27.md"
"20260330.md","2026-03-30 08:57:26","2026-03-30 16:05:15",,"2026/03/30","2026-03-30.md"
"20260331.md","2026-03-31 13:02:33","2026-03-31 17:57:43",,"2026/03/31","2026-03-31.md"
"20260401.md","2026-04-01 15:15:54","2026-04-01 17:36:35",,"2026/04/01","2026-04-01.md"
"20260402.md","2026-04-01 19:35:02","2026-04-02 11:45:09",,"2026/04/02","2026-04-02.md"
"20260403.md","2026-04-03 11:44:18","2026-04-03 13:09:25",,"2026/04/03","2026-04-03.md"
"20260406.md","2026-04-06 09:22:49","2026-04-07 11:36:27",,"2026/04/06","2026-04-06.md"
"20260407.md","2026-04-07 11:35:59","2026-04-07 11:36:22",,"2026/04/07","2026-04-07.md"
"20260408.md","2026-04-08 09:08:12","2026-04-08 15:47:43",,"2026/04/08","2026-04-08.md"
"20260409.md","2026-04-09 09:05:59","2026-04-09 17:48:37",,"2026/04/09","2026-04-09.md"
"20260410.md","2026-04-10 09:15:20","2026-04-10 17:16:51",,"2026/04/10","2026-04-10.md"
"20260413 2.md","2026-04-10 18:13:52","2026-04-13 10:20:06",,"2026/04/13","2026-04-13.md"
"20260413.md","2026-04-13 18:11:55","2026-04-14 19:07:19",,"2026/04/13","2026-04-13.md"
"20260414 2.md","2026-04-13 18:11:04","2026-04-13 18:11:40",,"2026/04/14","2026-04-14.md"
"20260414.md","2026-04-15 08:51:12","2026-04-15 09:01:48",,"2026/04/14","2026-04-14.md"
"20260415.md","2026-04-15 08:51:20","2026-04-15 18:14:57",,"2026/04/15","2026-04-15.md"
"20260416.md","2026-04-17 09:05:31","2026-04-17 09:05:42",,"2026/04/16","2026-04-16.md"
"20260417.md","2026-04-17 09:05:42","2026-04-17 13:15:34",,"2026/04/17","2026-04-17.md"
"20260420.md","2026-04-20 09:03:46","2026-04-20 17:47:24",,"2026/04/20","2026-04-20.md"
"20260421.md","2026-04-20 17:46:42","2026-04-24 09:14:49",,"2026/04/21","2026-04-21.md"
"20260422.md","2026-04-23 08:55:28","2026-04-24 09:14:21",,"2026/04/22","2026-04-22.md"
"20260423.md","2026-04-23 08:55:35","2026-04-24 09:13:09",,"2026/04/23","2026-04-23.md"
"20260424.md","2026-04-24 09:13:09","2026-04-27 13:43:41",,"2026/04/24","2026-04-24.md"
"20260427.md","2026-04-27 13:43:42","2026-04-27 18:36:53",,"2026/04/27","2026-04-27.md"
"20260428.md","2026-04-28 09:28:00","2026-04-29 09:05:15",,"2026/04/28","2026-04-28.md"
"20260429.md","2026-04-29 09:04:55","2026-04-30 09:13:14",,"2026/04/29","2026-04-29.md"
"20260430.md","2026-04-30 09:12:51","2026-04-30 10:51:44",,"2026/04/30","2026-04-30.md"
"20260501 ~ 20260506.md","2026-05-07 08:59:31","2026-05-07 09:00:31",,"2026/05/01 ~ 2026/05/06","2026-05-01.md"
"20260507.md","2026-05-07 09:02:17","2026-05-07 16:08:21",,"2026/05/07","2026-05-07.md"
"20260508.md","2026-05-08 09:41:40","2026-05-08 11:52:45",,"2026/05/08","2026-05-08.md"
"20260511.md","2026-05-12 17:57:20","2026-05-12 17:57:29",,"2026/05/11","2026-05-11.md"
"20260512.md","2026-05-12 17:57:29","2026-05-12 17:57:45",,"2026/05/12","2026-05-12.md"
"20260513.md","2026-05-13 13:26:11","2026-05-14 17:30:49",,"2026/05/13","2026-05-13.md"
"20260514.md","2026-05-14 14:37:41","2026-05-14 15:16:55",,"2026/05/14","2026-05-14.md"
"20260515.md","2026-05-15 09:06:26","2026-05-15 17:01:21",,"2026/05/15","2026-05-15.md"
"20260518.md","2026-05-18 09:34:23","2026-05-18 09:34:30",,"2026/05/18","2026-05-18.md"
"20260519.md","2026-05-19 09:22:17","2026-05-20 17:24:58",,"2026/05/19","2026-05-19.md"
"20260520.md","2026-05-20 09:26:28","2026-05-20 17:25:13",,"2026/05/20","2026-05-20.md"
"20260521.md","2026-05-21 17:43:34","2026-05-21 17:43:43",,"2026/05/21","2026-05-21.md"
"20260522.md","2026-05-22 10:19:19","2026-05-22 13:33:48",,"2026/05/22","2026-05-22.md"
"20260526.md","2026-05-26 14:47:15","2026-05-27 09:07:23",,"2026/05/26","2026-05-26.md"
"20260527.md","2026-05-26 18:42:17","2026-05-27 18:03:44",,"2026/05/27","2026-05-27.md"
"20260528.md","2026-05-28 17:41:01","2026-05-28 17:41:17",,"2026/05/28","2026-05-28.md"
"20260529.md","2026-05-29 10:41:43","2026-05-31 12:09:12",,"2026/05/29","2026-05-29.md"
"20260601.md","2026-05-31 12:08:03","2026-06-03 21:08:22","일지","2026/06/01","2026-06-01.md"
"20260602 ~ 20260605.md","2026-06-03 21:07:07","2026-06-03 21:09:31",,"2026/06/02 ~ 2026/06/05","2026-06-02.md"
"20260608.md","2026-06-08 09:13:09","2026-06-08 17:09:59",,"2026/06/08","2026-06-08.md"
"20260609.md","2026-06-09 09:40:18","2026-06-09 16:56:35",,"2026/06/09","2026-06-09.md"
"20260610.md","2026-06-09 17:52:42","2026-06-10 16:55:42",,"2026/06/10","2026-06-10.md"
"21 (토, 추가 근무).md","2025-02-01 08:32:19","2025-02-01 08:32:47",,"2/1 (토, 추가 근무)","2025-02-01.md"
"21.md","2024-02-01 08:51:50","2024-02-02 13:55:14",,"2/1","2024-02-01.md"
"210.md","2025-02-10 09:27:00","2025-02-10 17:49:55",,"2/10","2025-02-10.md"
"211.md","2025-02-11 10:04:19","2025-02-11 17:55:20",,"2/11","2025-02-11.md"
"212.md","2025-02-11 17:55:24","2025-02-12 17:25:40",,"2/12","2025-02-12.md"
"213 2.md","2024-02-13 10:17:23","2024-02-14 09:50:42",,"2/13","2024-02-13.md"
"213.md","2025-02-12 17:24:45","2025-02-13 14:09:53",,"2/13","2025-02-13.md"
"214 2.md","2024-02-14 09:50:11","2024-02-14 09:50:36",,"2/14","2024-02-14.md"
"214.md","2025-02-14 08:49:10","2025-02-14 17:57:16",,"2/14","2025-02-14.md"
"215.md","2024-02-15 17:53:30","2024-02-16 08:51:32",,"2/15","2024-02-15.md"
"217.md","2025-02-17 10:23:56","2025-02-17 17:16:17",,"2/17","2025-02-17.md"
"218.md","2025-02-18 09:48:59","2025-02-19 10:34:39",,"2/18","2025-02-18.md"
"219 2.md","2024-02-19 11:12:46","2024-02-20 19:29:54",,"2/19","2024-02-19.md"
"219.md","2025-02-19 10:31:12","2025-02-20 09:05:21",,"2/19","2025-02-19.md"
"22.md","2024-02-02 13:54:55","2024-02-02 13:56:26",,"2/2","2024-02-02.md"
"220 2.md","2024-02-20 19:28:59","2024-02-21 10:21:28",,"2/20","2024-02-20.md"
"220.md","2025-02-20 09:05:15","2025-02-20 13:50:32",,"2/20","2025-02-20.md"
"221 2.md","2024-02-21 10:21:26","2024-02-21 10:21:38",,"2/21","2024-02-21.md"
"221.md","2025-02-25 12:50:41","2025-02-25 12:51:21",,"2/21","2025-02-21.md"
"223.md","2024-02-23 08:58:41","2024-02-23 16:19:35",,"2/23","2024-02-23.md"
"224.md","2025-02-25 12:51:21","2025-02-25 15:15:38",,"2/24","2025-02-24.md"
"225.md","2025-02-25 12:52:01","2025-02-25 15:15:34",,"2/25","2025-02-25.md"
"226 2.md","2024-02-26 13:56:01","2024-02-26 13:57:30",,"2/26","2024-02-26.md"
"226.md","2025-02-26 13:03:45","2025-02-26 17:29:56",,"2/26","2025-02-26.md"
"227 2.md","2024-02-27 09:14:01","2024-02-27 14:26:54",,"2/27","2024-02-27.md"
"227.md","2025-02-27 11:45:46","2025-02-27 17:45:46",,"2/27","2025-02-27.md"
"228 2.md","2024-02-28 09:35:19","2024-02-28 09:35:48",,"2/28","2024-02-28.md"
"228.md","2025-02-28 09:04:18","2025-02-28 16:05:59",,"2/28","2025-02-28.md"
"23.md","2025-02-03 15:02:20","2025-02-04 11:06:07",,"2/3","2025-02-03.md"
"24.md","2025-02-04 11:04:58","2025-02-05 09:19:57",,"2/4","2025-02-04.md"
"25 2.md","2024-02-06 17:32:01","2024-02-06 17:32:46",,"2/5","2024-02-05.md"
"25.md","2025-02-05 09:19:32","2025-02-07 15:02:18",,"2/5","2025-02-05.md"
"26 2.md","2024-02-06 17:32:44","2024-02-07 18:11:59",,"2/6","2024-02-06.md"
"26.md","2025-02-06 14:27:54","2025-02-07 15:01:55",,"2/6","2025-02-06.md"
"27 2.md","2024-02-07 18:11:16","2024-02-07 18:14:34",,"2/7","2024-02-07.md"
"27.md","2025-02-07 15:01:31","2025-02-07 15:01:36",,"2/7","2025-02-07.md"
"28.md","2024-02-08 14:47:00","2024-02-13 10:16:32",,"2/8","2024-02-08.md"
"310.md","2025-03-10 09:22:34","2025-03-11 09:53:13",,"3/10","2025-03-10.md"
"311 2.md","2024-03-11 14:51:14","2024-03-11 22:19:32",,"3/11","2024-03-11.md"
"311.md","2025-03-11 09:53:27","2025-03-11 16:22:51",,"3/11","2025-03-11.md"
"312 2.md","2024-03-12 16:51:20","2024-03-12 16:51:44",,"3/12","2024-03-12.md"
"312.md","2025-03-12 08:50:13","2025-03-13 16:27:54",,"3/12","2025-03-12.md"
"313.md","2025-03-13 16:27:24","2025-03-13 16:28:29",,"3/13","2025-03-13.md"
"314 2.md","2024-03-15 10:58:51","2024-03-15 11:00:13",,"3/14","2024-03-14.md"
"314.md","2025-03-14 09:04:22","2025-03-14 09:19:46",,"3/14","2025-03-14.md"
"317.md","2025-03-17 11:17:27","2025-03-17 11:17:44",,"3/17","2025-03-17.md"
"318.md","2025-03-19 13:46:19","2025-03-21 13:01:32",,"3/18","2025-03-18.md"
"319 2.md","2024-03-19 10:16:15","2024-03-23 00:45:54",,"3/19","2024-03-19.md"
"319.md","2025-03-19 13:46:41","2025-03-21 13:01:28",,"3/19","2025-03-19.md"
"320 2.md","2024-03-23 00:43:45","2024-03-23 00:44:45",,"3/20","2024-03-20.md"
"320.md","2025-03-20 08:54:47","2025-03-21 13:01:22",,"3/20","2025-03-20.md"
"321 2.md","2024-03-23 00:44:43","2024-03-23 00:47:02",,"3/21","2024-03-21.md"
"321.md","2025-03-21 13:00:11","2025-03-21 15:26:10",,"3/21","2025-03-21.md"
"322.md","2024-03-23 00:45:11","2024-03-23 00:46:51",,"3/22","2024-03-22.md"
"324.md","2025-03-24 10:09:56","2025-03-26 17:00:21",,"3/24","2025-03-24.md"
"325 2.md","2024-03-26 22:19:54","2024-03-26 22:20:20",,"3/25","2024-03-25.md"
"325.md","2025-03-25 13:20:51","2025-03-26 17:00:25",,"3/25","2025-03-25.md"
"326 2.md","2024-03-26 22:20:17","2024-03-29 16:40:14",,"3/26","2024-03-26.md"
"326.md","2025-03-26 14:30:44","2025-03-26 17:00:29",,"3/26","2025-03-26.md"
"327 2.md","2024-03-28 08:50:54","2024-03-28 08:52:18",,"3/27","2024-03-27.md"
"327.md","2025-03-28 09:02:44","2025-03-28 09:03:09",,"3/27","2025-03-27.md"
"328 2.md","2024-03-28 18:09:37","2024-03-28 18:11:51",,"3/28","2024-03-28.md"
"328.md","2025-03-28 09:03:11","2025-04-01 12:34:35",,"3/28","2025-03-28.md"
"329.md","2024-03-29 16:34:08","2024-03-29 16:35:00",,"3/29","2024-03-29.md"
"33.md","2025-03-04 17:14:37","2025-03-04 17:14:46",,"3/3","2025-03-03.md"
"331.md","2025-03-31 17:04:06","2025-04-01 12:34:26",,"3/31","2025-03-31.md"
"34 2.md","2024-03-04 10:53:31","2024-03-04 10:55:02",,"3/4","2024-03-04.md"
"34.md","2025-03-04 17:14:46","2025-03-04 17:15:22",,"3/4","2025-03-04.md"
"35 2.md","2024-03-08 09:18:43","2024-03-08 09:22:19",,"3/5","2024-03-05.md"
"35.md","2025-03-05 13:39:24","2025-03-06 08:59:55",,"3/5","2025-03-05.md"
"36.md","2025-03-06 08:59:39","2025-03-06 15:36:59",,"3/6","2025-03-06.md"
"37.md","2025-03-06 15:35:45","2025-03-06 15:36:20",,"3/7","2025-03-07.md"
"38.md","2024-03-08 16:32:42","2024-03-08 16:33:12",,"3/8","2024-03-08.md"
"41 2.md","2024-04-01 14:44:48","2024-04-05 17:06:09",,"4/1","2024-04-01.md"
"41.md","2025-04-01 09:15:53","2025-04-01 16:13:47",,"4/1","2025-04-01.md"
"410.md","2025-04-10 08:38:20","2025-04-11 17:18:54",,"4/10","2025-04-10.md"
"411 2.md","2024-04-12 09:50:00","2024-04-12 16:05:36",,"4/11","2024-04-11.md"
"411.md","2025-04-10 16:16:43","2025-04-11 17:13:38",,"4/11","2025-04-11.md"
"412.md","2024-04-12 15:37:24","2024-04-12 16:05:30",,"4/12","2024-04-12.md"
"414.md","2025-04-14 08:34:22","2025-04-15 15:32:01",,"4/14","2025-04-14.md"
"415 2.md","2024-04-15 16:14:09","2024-04-15 16:15:23",,"4/15","2024-04-15.md"
"415.md","2025-04-15 15:31:31","2025-04-15 15:32:21",,"4/15","2025-04-15.md"
"416 2.md","2024-04-16 15:10:09","2024-04-16 15:15:51",,"4/16","2024-04-16.md"
"416.md","2025-04-16 08:47:35","2025-04-17 08:55:56",,"4/16","2025-04-16.md"
"417 2.md","2024-04-17 17:10:33","2024-04-17 17:26:29",,"4/17","2024-04-17.md"
"417.md","2025-04-17 08:55:35","2025-04-17 17:01:16",,"4/17","2025-04-17.md"
"418.md","2025-04-17 14:03:18","2025-04-18 14:42:55",,"4/18","2025-04-18.md"
"419.md","2024-04-19 16:13:28","2024-04-19 16:13:45",,"4/19","2024-04-19.md"
"42 2.md","2024-04-02 09:30:48","2024-04-05 17:05:13",,"4/2","2024-04-02.md"
"42.md","2025-04-03 10:25:38","2025-04-03 15:20:06",,"4/2","2025-04-02.md"
"421.md","2025-04-21 15:57:26","2025-04-21 16:03:19",,"4/21","2025-04-21.md"
"422 2.md","2024-04-22 19:02:10","2024-04-22 19:06:18",,"4/22","2024-04-22.md"
"422.md","2025-04-22 09:41:32","2025-04-23 14:19:52",,"4/22","2025-04-22.md"
"423 2.md","2024-04-23 16:38:08","2024-04-24 10:31:58",,"4/23","2024-04-23.md"
"423.md","2025-04-23 14:19:17","2025-04-23 14:20:22",,"4/23","2025-04-23.md"
"424 2.md","2024-04-24 11:52:44","2024-04-24 17:57:00",,"4/24","2024-04-24.md"
"424.md","2025-04-24 16:43:00","2025-04-24 16:44:01",,"4/24","2025-04-24.md"
"425 2.md","2024-04-24 17:57:00","2024-04-25 09:17:13",,"4/25","2024-04-25.md"
"425.md","2025-04-25 09:25:20","2025-04-25 13:37:11",,"4/25","2025-04-25.md"
"426.md","2024-04-26 09:30:50","2024-04-26 09:31:16",,"4/26","2024-04-26.md"
"428.md","2025-04-28 09:02:58","2025-04-28 17:03:45",,"4/28","2025-04-28.md"
"429 2.md","2024-04-29 09:03:42","2024-04-30 01:34:37",,"4/29","2024-04-29.md"
"429.md","2025-04-28 17:03:47","2025-04-29 16:00:12",,"4/29","2025-04-29.md"
"43 2.md","2024-04-03 16:54:28","2024-04-03 17:00:12",,"4/3","2024-04-03.md"
"43.md","2025-04-03 10:26:12","2025-04-03 15:29:44",,"4/3","2025-04-03.md"
"430 2.md","2024-05-02 08:08:53","2024-05-02 19:08:43",,"4/30","2024-04-30.md"
"430.md","2025-05-02 17:17:59","2025-05-02 17:18:22",,"4/30","2025-04-30.md"
"44 2.md","2024-04-04 09:29:09","2024-04-05 17:08:27",,"4/4","2024-04-04.md"
"44.md","2025-04-03 15:29:00","2025-04-04 15:58:16",,"4/4","2025-04-04.md"
"45.md","2024-04-05 17:08:17","2024-04-05 17:10:24",,"4/5","2024-04-05.md"
"47.md","2025-04-07 10:29:19","2025-04-08 18:01:42",,"4/7","2025-04-07.md"
"48 2.md","2024-04-08 10:31:13","2024-04-08 10:33:56",,"4/8","2024-04-08.md"
"48.md","2025-04-08 18:01:01","2025-04-11 17:18:49",,"4/8","2025-04-08.md"
"49 2.md","2024-04-09 19:28:52","2024-04-12 09:50:09",,"4/9","2024-04-09.md"
"49.md","2025-04-09 15:20:06","2025-04-11 17:18:51",,"4/9","2025-04-09.md"
"51.md","2025-05-02 17:18:17","2025-05-02 17:19:03",,"5/1","2025-05-01.md"
"510.md","2024-05-10 10:55:14","2024-05-10 15:26:18",,"5/10","2024-05-10.md"
"512.md","2025-05-12 13:29:09","2025-05-13 16:03:05",,"5/12","2025-05-12.md"
"513 2.md","2024-05-13 14:02:10","2024-05-13 17:59:58",,"5/13","2024-05-13.md"
"513.md","2025-05-13 14:36:37","2025-05-13 17:53:16",,"5/13","2025-05-13.md"
"514 2.md","2024-05-14 09:01:39","2024-05-14 09:01:59",,"5/14","2024-05-14.md"
"514.md","2025-05-13 17:51:00","2025-05-14 17:59:35",,"5/14","2025-05-14.md"
"515.md","2025-05-15 10:10:51","2025-05-16 16:40:20",,"5/15","2025-05-15.md"
"516 2.md","2024-05-17 08:58:57","2024-05-17 16:32:59",,"5/16","2024-05-16.md"
"516.md","2025-05-16 08:41:08","2025-05-16 17:47:33",,"5/16","2025-05-16.md"
"519.md","2025-05-19 09:02:59","2025-05-20 15:46:15",,"5/19","2025-05-19.md"
"52 2.md","2024-05-02 19:08:49","2024-05-02 19:11:23",,"5/2","2024-05-02.md"
"52.md","2025-05-02 17:19:03","2025-05-02 17:20:14",,"5/2","2025-05-02.md"
"520 2.md","2024-05-22 21:22:16","2024-05-22 21:23:08",,"5/20","2024-05-20.md"
"520.md","2025-05-20 15:40:37","2025-05-20 15:41:11",,"5/20","2025-05-20.md"
"521 2.md","2024-05-22 21:23:27","2024-05-22 21:24:15",,"5/21","2024-05-21.md"
"521.md","2025-05-21 16:12:35","2025-05-21 16:13:20",,"5/21","2025-05-21.md"
"522 2.md","2024-05-22 21:24:30","2024-05-22 21:25:16",,"5/22","2024-05-22.md"
"522.md","2025-05-22 09:43:44","2025-05-23 17:35:25",,"5/22","2025-05-22.md"
"523 2.md","2024-05-24 15:40:14","2024-05-24 15:41:28",,"5/23","2024-05-23.md"
"523.md","2025-05-23 09:01:05","2025-05-23 17:14:49",,"5/23","2025-05-23.md"
"524.md","2024-05-24 15:41:28","2024-05-24 15:52:34",,"5/24","2024-05-24.md"
"526.md","2025-05-26 08:58:31","2025-05-28 11:20:11",,"5/26","2025-05-26.md"
"527 2.md","2024-05-29 20:57:44","2024-05-29 20:59:12",,"5/27","2024-05-27.md"
"527.md","2025-05-27 08:46:57","2025-05-28 11:20:20",,"5/27","2025-05-27.md"
"528.md","2024-05-29 20:59:12","2024-05-29 20:59:56",,"5/28","2024-05-28.md"
"53.md","2024-05-03 16:14:36","2024-05-03 16:17:54",,"5/3","2024-05-03.md"
"530.md","2024-05-31 00:17:19","2024-05-31 00:17:43",,"5/30","2024-05-30.md"
"531.md","2024-05-31 16:30:13","2024-05-31 16:31:52",,"5/31","2024-05-31.md"
"55 ~ 56.md","2025-05-07 13:21:15","2025-05-08 09:00:15",,"5/5 ~ 5/6","2025-05-05.md"
"57.md","2025-05-07 13:21:45","2025-05-09 17:20:08",,"5/7","2025-05-07.md"
"58 2.md","2024-05-08 16:20:04","2024-05-08 16:21:03",,"5/8","2024-05-08.md"
"58.md","2025-05-08 08:59:40","2025-05-08 17:03:44",,"5/8","2025-05-08.md"
"59 2.md","2024-05-09 09:05:31","2024-05-10 15:26:24",,"5/9","2024-05-09.md"
"59.md","2025-05-09 09:58:22","2025-05-09 17:19:54",,"5/9","2025-05-09.md"
"610.md","2024-06-10 13:37:50","2024-06-10 13:38:09",,"6/10","2024-06-10.md"
"611.md","2024-06-11 23:50:53","2024-06-11 23:51:19",,"6/11","2024-06-11.md"
"612.md","2024-06-14 22:13:20","2024-06-14 22:16:32",,"6/12","2024-06-12.md"
"613.md","2024-06-14 22:16:32","2024-06-14 22:18:15",,"6/13","2024-06-13.md"
"614.md","2024-06-14 22:18:04","2024-06-14 22:18:39",,"6/14","2024-06-14.md"
"617.md","2024-06-17 16:16:02","2024-06-17 16:16:21",,"6/17","2024-06-17.md"
"618.md","2024-06-19 16:38:28","2024-06-19 16:39:50",,"6/18","2024-06-18.md"
"619.md","2024-06-19 16:38:57","2024-06-19 16:39:16",,"6/19","2024-06-19.md"
"620.md","2024-06-21 09:14:02","2024-06-21 16:31:04",,"6/20","2024-06-20.md"
"621.md","2024-06-21 16:30:32","2024-06-21 16:31:00",,"6/21","2024-06-21.md"
"625.md","2024-06-25 11:51:14","2024-06-25 11:52:42",,"6/25","2024-06-25.md"
"626.md","2024-06-26 10:11:54","2024-06-28 13:24:42",,"6/26","2024-06-26.md"
"627.md","2024-06-28 13:24:30","2024-06-28 13:25:05",,"6/27","2024-06-27.md"
"628.md","2024-06-28 16:02:12","2024-06-28 16:02:27",,"6/28","2024-06-28.md"
"63.md","2024-06-07 19:21:31","2024-06-07 19:23:36",,"6/3","2024-06-03.md"
"64.md","2024-06-07 19:23:36","2024-06-07 19:28:14",,"6/4","2024-06-04.md"
"65.md","2024-06-07 19:25:36","2024-06-07 19:26:11",,"6/5","2024-06-05.md"
"66.md","2024-06-07 19:26:41","2024-06-07 19:27:58",,"6/6","2024-06-06.md"
"67.md","2024-06-07 19:27:08","2024-06-07 19:27:55",,"6/7","2024-06-07.md"
"71.md","2024-07-02 16:47:38","2024-07-17 11:56:42",,"7/1","2024-07-01.md"
"710.md","2024-07-12 10:00:55","2024-07-12 16:18:42",,"7/10","2024-07-10.md"
"711.md","2024-07-12 10:01:49","2024-07-17 11:45:35",,"7/11","2024-07-11.md"
"712.md","2024-07-12 10:02:34","2024-07-12 16:13:03",,"7/12","2024-07-12.md"
"715.md","2024-07-17 11:01:49","2024-07-19 16:36:09",,"7/15","2024-07-15.md"
"716.md","2024-07-17 11:02:05","2024-07-17 14:02:25",,"7/16","2024-07-16.md"
"717.md","2024-07-17 11:04:25","2024-12-11 13:57:24",,"7/17","2024-07-17.md"
"718.md","2024-07-19 16:32:07","2024-07-19 16:33:12",,"7/18","2024-07-18.md"
"719.md","2024-07-19 16:32:44","2024-07-19 16:33:04",,"7/19","2024-07-19.md"
"72.md","2024-07-02 16:48:06","2024-07-02 16:48:49",,"7/2","2024-07-02.md"
"722.md","2024-07-22 17:41:21","2024-07-22 17:50:40",,"7/22","2024-07-22.md"
"723.md","2024-07-23 18:01:06","2024-07-26 16:38:44",,"7/23","2024-07-23.md"
"724.md","2024-07-26 16:30:17","2024-07-26 16:39:24",,"7/24","2024-07-24.md"
"725.md","2024-07-26 16:30:24","2024-07-26 16:39:33",,"7/25","2024-07-25.md"
"726.md","2024-07-26 16:30:32","2024-07-26 16:39:41",,"7/26","2024-07-26.md"
"729.md","2024-07-30 08:50:14","2024-08-02 13:49:38",,"7/29","2024-07-29.md"
"73.md","2024-07-03 15:41:43","2024-07-03 17:58:22",,"7/3","2024-07-03.md"
"730.md","2024-08-01 09:38:18","2024-08-02 13:49:36",,"7/30","2024-07-30.md"
"731.md","2024-08-01 09:56:13","2024-08-02 13:49:33",,"7/31","2024-07-31.md"
"74.md","2024-07-04 15:37:08","2024-07-17 11:55:45",,"7/4","2024-07-04.md"
"75.md","2024-07-05 16:39:14","2024-07-05 16:39:45",,"7/5","2024-07-05.md"
"78.md","2024-07-09 23:44:38","2024-07-12 16:23:09",,"7/8","2024-07-08.md"
"79.md","2024-07-09 23:45:05","2024-07-17 11:41:03",,"7/9","2024-07-09.md"
"81.md","2024-08-02 13:49:38","2024-08-02 13:49:51",,"8/1","2024-08-01.md"
"811.md","2025-08-05 17:53:40","2025-08-12 10:34:22",,"8/11","2025-08-11.md"
"812.md","2024-08-13 12:46:50","2024-08-16 17:08:40",,"8/12","2024-08-12.md"
"813.md","2024-08-13 13:08:15","2024-08-13 16:16:13",,"8/13","2024-08-13.md"
"814.md","2024-08-13 16:17:44","2024-08-16 17:07:16",,"8/14","2024-08-14.md"
"82.md","2024-08-02 13:49:51","2024-08-02 13:49:59",,"8/2","2024-08-02.md"
"821.md","2024-08-23 19:47:05","2024-08-23 19:51:41",,"8/21","2024-08-21.md"
"822.md","2024-08-23 19:47:14","2024-08-23 19:51:53",,"8/22","2024-08-22.md"
"823.md","2024-08-23 19:47:19","2024-08-23 19:52:00",,"8/23","2024-08-23.md"
"826.md","2024-08-27 09:55:02","2024-08-27 09:55:38",,"8/26","2024-08-26.md"
"827.md","2024-08-27 09:55:40","2024-08-28 08:47:22",,"8/27","2024-08-27.md"
"828 업무.md","2023-08-28 10:53:29","2023-08-28 12:33:27",,"8/28 업무","2023-08-28.md"
"828.md","2024-08-28 19:47:37","2024-08-30 14:41:30",,"8/28","2024-08-28.md"
"829.md","2024-08-30 09:55:38","2024-08-30 09:56:00",,"8/29","2024-08-29.md"
"830.md","2024-08-30 09:56:00","2024-08-30 09:56:23",,"8/30","2024-08-30.md"
"85.md","2024-08-07 17:18:10","2024-08-07 17:18:20",,"8/5","2024-08-05.md"
"86.md","2024-08-07 17:18:20","2024-08-07 17:18:27",,"8/6","2024-08-06.md"
"87.md","2024-08-07 17:18:27","2024-08-07 17:18:55",,"8/7","2024-08-07.md"
"88.md","2024-08-08 17:35:36","2024-08-09 16:27:23",,"8/8","2024-08-08.md"
"89.md","2024-08-09 09:01:02","2024-08-09 16:26:31",,"8/9","2024-08-09.md"
"910.md","2024-09-10 18:01:18","2024-09-10 18:01:39",,"9/10","2024-09-10.md"
"911.md","2024-09-11 13:15:07","2024-09-12 13:51:39",,"9/11","2024-09-11.md"
"912.md","2024-09-12 13:51:39","2024-09-12 17:41:45",,"9/12","2024-09-12.md"
"913.md","2024-09-13 15:42:09","2024-09-13 15:42:30",,"9/13","2024-09-13.md"
"915.md","2023-09-15 17:58:09","2023-09-15 17:59:40",,"9/15","2023-09-15.md"
"92.md","2024-09-03 10:54:12","2024-09-03 10:55:14",,"9/2","2024-09-02.md"
"921.md","2023-09-21 13:02:22","2023-09-21 20:14:37",,"9/21","2023-09-21.md"
"922.md","2023-09-22 10:12:01","2023-09-22 14:48:21",,"9/22","2023-09-22.md"
"923.md","2024-09-23 17:42:01","2024-09-23 17:42:59",,"9/23","2024-09-23.md"
"925 2.md","2023-09-25 09:49:25","2023-09-25 15:24:02",,"9/25","2023-09-25.md"
"925.md","2024-09-26 15:59:32","2024-09-26 16:00:09",,"9/25","2024-09-25.md"
"926 2.md","2023-09-26 13:59:32","2026-06-10 23:06:45",,"9/26","2023-09-26.md"
"926.md","2024-09-26 15:59:43","2024-09-26 17:41:11",,"9/26","2024-09-26.md"
"927.md","2024-09-27 16:56:41","2024-09-27 16:56:58",,"9/27","2024-09-27.md"
"93.md","2024-09-03 10:54:47","2024-09-04 16:40:43",,"9/3","2024-09-03.md"
"930.md","2024-09-30 17:29:49","2024-09-30 17:29:57",,"9/30","2024-09-30.md"
"94.md","2024-09-04 16:38:59","2024-09-04 16:39:40",,"9/4","2024-09-04.md"
"95.md","2024-09-05 09:11:00","2024-09-06 08:45:26",,"9/5","2024-09-05.md"
"96.md","2024-09-06 15:25:45","2024-09-06 15:26:12",,"9/6","2024-09-06.md"
"99.md","2024-09-10 10:19:44","2024-09-10 10:21:10",,"9/9","2024-09-09.md"
